pauses_per_sentence,speech_rate,pitch_variability,hesitations,word_repetitions,incomplete_sentences,file
10.5,2.8944381384790008,1134.621,0,3,0,3000-15664-0019.wav
1.25,3.579254930606282,1112.8854,0,5,0,84-121123-0002.wav
10.5,2.348993288590604,1103.7654,0,6,0,3000-15664-0001.wav
7.0,2.060085836909871,1133.3098,0,1,0,8297-275155-0004.wav
15.0,3.007518796992481,1168.8639,0,3,0,84-121123-0005.wav
